"variant","method","lambda_d","lambda_u","rmse","bias","coverage","postvar"
"k=7 CV","deepAFT-RCT-S",0,0,1.12982821924776,-0.147069000481714,0.45675,0.164742448706175
"k=10 CV","deepAFT-RCT-S",0,0,1.11433860004522,-0.167373329747081,0.37988988988989,0.0684250508002389
"arch-tuned","deepAFT-RCT-S",0,0,1.15013015274753,-0.123827122288767,0.387376128385155,0.543529684789807
"k=7 CV","deepAFT-RCT-T",0,0,1.59317217265339,-0.171163565445576,0.988196,4.4284713969197
"k=10 CV","deepAFT-RCT-T",0,0,1.2381131573791,-0.213564736425963,0.904582,1.15085969046768
"arch-tuned","deepAFT-RCT-T",0,0,1.40861699169005,-0.226531286133462,0.98353953953954,12937358.3548995
"k=7 CV","deepAFT-Pooled-S",0,0,1.08617916391432,-0.139503732927442,0.504492,0.194040543268904
"k=10 CV","deepAFT-Pooled-S",0,0,1.08322961966621,-0.130515045737849,0.41097,0.120595758607515
"arch-tuned","deepAFT-Pooled-S",0,0,1.04111996141019,-0.157594966944843,0.370254256526674,0.0538829955131517
"k=7 CV","deepAFT-Pooled-T",0,0,1.62988565874503,0.0519032549245352,0.99748,5.67819891908056
"k=10 CV","deepAFT-Pooled-T",0,0,1.10644658309118,-0.0149323980401108,0.993052,3.95714619019966
"arch-tuned","deepAFT-Pooled-T",0,0,0.876893066717288,-0.0823081166617088,0.904134275618375,0.59081223317186
"k=7 CV","deepAFT-RCT-S",1,0,1.12839436229548,-0.17424434493537,0.449154,0.166906440179024
"k=10 CV","deepAFT-RCT-S",1,0,1.11336976540558,-0.195445780811116,0.373177177177177,0.0689785407825076
"arch-tuned","deepAFT-RCT-S",1,0,1.15364135078244,-0.139581059312087,0.384465256797583,0.592269915254086
"k=7 CV","deepAFT-RCT-T",1,0,1.59527660171003,-0.244874955402309,0.989272,4.776402006074
"k=10 CV","deepAFT-RCT-T",1,0,1.25193331517246,-0.22978210989297,0.909207207207207,1.17541208081969
"arch-tuned","deepAFT-RCT-T",1,0,1.42818743601054,-0.19234332149512,0.985072144288577,88592018.6206466
"k=7 CV","deepAFT-Pooled-S",1,0,1.08594292116252,-0.129304868983993,0.51175,0.197917451048888
"k=10 CV","deepAFT-Pooled-S",1,0,1.08152840919902,-0.133869036088523,0.418418,0.120883164405372
"arch-tuned","deepAFT-Pooled-S",1,0,1.04035203568076,-0.153283474744451,0.380474501108647,0.0571463378361629
"k=7 CV","deepAFT-Pooled-T",1,0,1.41683640209191,0.0346522585361447,0.997608,6.06482944789215
"k=10 CV","deepAFT-Pooled-T",1,0,1.10464200688204,0.00495484558638662,0.993328,4.18656403363582
"arch-tuned","deepAFT-Pooled-T",1,0,0.906828437296394,-0.108206996199015,0.905823736780259,0.641390598583991
"k=7 CV","deepAFT-RCT-S",2,0,1.13456838139239,-0.176358696699145,0.436654,0.186254028698087
"k=10 CV","deepAFT-RCT-S",2,0,1.12392210676891,-0.200251590052548,0.367917753259779,0.072863091271202
"arch-tuned","deepAFT-RCT-S",2,0,1.16404304915125,-0.165714281818705,0.382082082082082,0.887003772011969
"k=7 CV","deepAFT-RCT-T",2,0,1.60676256331219,-0.275770904328955,0.98926,5.28007203664616
"k=10 CV","deepAFT-RCT-T",2,0,1.26619354560112,-0.275351933410214,0.91956956956957,1.35263366449277
"arch-tuned","deepAFT-RCT-T",2,0,1.42779141920993,-0.286524213992035,0.984865731462926,1721944.46149983
"k=7 CV","deepAFT-Pooled-S",2,0,1.09697631312722,-0.122251573615648,0.51898,0.199668038242648
"k=10 CV","deepAFT-Pooled-S",2,0,1.08894128163108,-0.114696395899446,0.429152,0.130662566561063
"arch-tuned","deepAFT-Pooled-S",2,0,1.0526563905111,-0.145645307698,0.392037280701754,0.0633665669828778
"k=7 CV","deepAFT-Pooled-T",2,0,1.57818279961551,-0.0551196013035167,0.997516,6.85424465501948
"k=10 CV","deepAFT-Pooled-T",2,0,1.21688912502901,-0.0364522645898702,0.992712,4.72200597453209
"arch-tuned","deepAFT-Pooled-T",2,0,1.00163252344251,-0.129790672937332,0.908214876033058,0.788610770815369
"k=7 CV","deepAFT-RCT-S",0,1,1.11535353251961,-0.160203356604543,0.440672,0.125424132319298
"k=10 CV","deepAFT-RCT-S",0,1,1.10979567833958,-0.182106317960325,0.375156,0.0666626086996719
"arch-tuned","deepAFT-RCT-S",0,1,1.13963419644254,-0.150567770680941,0.353304,0.25422942555171
"k=7 CV","deepAFT-RCT-T",0,1,1.47323644750357,-0.237114906790934,0.98751,3.13014724357095
"k=10 CV","deepAFT-RCT-T",0,1,1.2304612141667,-0.232476971503083,0.906144288577154,1.09651602083296
"arch-tuned","deepAFT-RCT-T",0,1,1.38314637940132,-0.260196387292819,0.980374749498998,8860.00956401473
"k=7 CV","deepAFT-Pooled-S",0,1,1.09922070336072,0.0840017483117107,0.538774,0.208345941870871
"k=10 CV","deepAFT-Pooled-S",0,1,1.097554915396,0.104838563673937,0.440768,0.123854045606465
"arch-tuned","deepAFT-Pooled-S",0,1,1.05352931504169,0.109095627921659,0.415352678571429,0.0562563795043117
"k=7 CV","deepAFT-Pooled-T",0,1,1.36706158093795,0.144532391145895,0.996242,5.59739566269355
"k=10 CV","deepAFT-Pooled-T",0,1,1.09086488341341,0.087021448065124,0.990682,3.72436804769378
"arch-tuned","deepAFT-Pooled-T",0,1,0.86624856666496,0.00378714195053063,0.918861111111111,0.614231205150966
"k=7 CV","deepAFT-RCT-S",1,1,1.12143088327822,-0.165885656478572,0.439634,0.128402320165557
"k=10 CV","deepAFT-RCT-S",1,1,1.11487169559151,-0.184728049631772,0.375331331331331,0.0673236197558843
"arch-tuned","deepAFT-RCT-S",1,1,1.14582994515912,-0.143545035534873,0.353853853853854,0.247387217135956
"k=7 CV","deepAFT-RCT-T",1,1,1.51299204459144,-0.249210973471713,0.987398,3.3599883966148
"k=10 CV","deepAFT-RCT-T",1,1,1.24995715074563,-0.247090617367082,0.913388944723618,1.13401277947967
"arch-tuned","deepAFT-RCT-T",1,1,1.39808139975132,-0.253264489222234,0.981206412825651,3127000.78343217
"k=7 CV","deepAFT-Pooled-S",1,1,1.11243938129498,0.0943855650275349,0.543486,0.202579204132503
"k=10 CV","deepAFT-Pooled-S",1,1,1.1036410368822,0.105170887642693,0.443824,0.125472298451251
"arch-tuned","deepAFT-Pooled-S",1,1,1.06268868478713,0.108156922894388,0.418660773480663,0.0588098505515254
"k=7 CV","deepAFT-Pooled-T",1,1,1.73002940927622,0.156445739802319,0.996678,6.10201633477568
"k=10 CV","deepAFT-Pooled-T",1,1,1.13225072521019,0.0987966450665665,0.991408,4.125317344432
"arch-tuned","deepAFT-Pooled-T",1,1,0.896779516388945,-0.0238830250019287,0.920975088967972,0.637442485649527
"k=7 CV","deepAFT-RCT-S",2,1,1.12639593180524,-0.163493646605392,0.420482,0.127042791656793
"k=10 CV","deepAFT-RCT-S",2,1,1.12594288458628,-0.197439349880166,0.364894,0.0669324078154571
"arch-tuned","deepAFT-RCT-S",2,1,1.15122584953946,-0.149428759369422,0.351813440320963,0.520568672512555
"k=7 CV","deepAFT-RCT-T",2,1,1.53605858009986,-0.254203370250583,0.987444,3.76064520143545
"k=10 CV","deepAFT-RCT-T",2,1,1.26190963475468,-0.24781714326917,0.921485485485485,1.21152958735871
"arch-tuned","deepAFT-RCT-T",2,1,1.42511181775803,-0.257860435133598,0.97965295887663,7245907.72749374
"k=7 CV","deepAFT-Pooled-S",2,1,1.11199386034649,0.0804929325278413,0.543102,0.212969564170563
"k=10 CV","deepAFT-Pooled-S",2,1,1.11522822860511,0.0952013286644801,0.446414,0.130034601115363
"arch-tuned","deepAFT-Pooled-S",2,1,1.08016622252288,0.0886145544452364,0.415729490022173,0.0645553974492131
"k=7 CV","deepAFT-Pooled-T",2,1,1.57866386837077,0.121414975915217,0.996856,7.36820113990636
"k=10 CV","deepAFT-Pooled-T",2,1,1.23060360582092,0.0548883153603631,0.991746,5.18497208393482
"arch-tuned","deepAFT-Pooled-T",2,1,0.997059297348403,-0.0552033581115364,0.919634864546525,0.785709813646664
"k=7 CV","deepAFT-RCT-S",0,2,1.11904656666397,-0.169512833087924,0.43397,0.108284295564316
"k=10 CV","deepAFT-RCT-S",0,2,1.11254052030597,-0.197419446403393,0.371833333333333,0.0654888157160154
"arch-tuned","deepAFT-RCT-S",0,2,1.14527459594531,-0.142377707204738,0.347072144288577,0.128943670440119
"k=7 CV","deepAFT-RCT-T",0,2,1.47105990575682,-0.264889912669124,0.987128,2.4858260835082
"k=10 CV","deepAFT-RCT-T",0,2,1.24777168647497,-0.250791749920355,0.9097,1.07964322767667
"arch-tuned","deepAFT-RCT-T",0,2,1.39091888766578,-0.279073536616038,0.978214428857715,6381679.88258712
"k=7 CV","deepAFT-Pooled-S",0,2,1.16944355497713,0.319166759318015,0.544708,0.233275845750703
"k=10 CV","deepAFT-Pooled-S",0,2,1.1635176635503,0.358414438222527,0.451568,0.146880741583573
"arch-tuned","deepAFT-Pooled-S",0,2,1.12774872651769,0.37632480646835,0.40548401323043,0.0636147833328556
"k=7 CV","deepAFT-Pooled-T",0,2,1.55002888141188,0.239841068784147,0.994524,5.32611523620653
"k=10 CV","deepAFT-Pooled-T",0,2,1.12177135721126,0.191527131819067,0.987986,3.59581359269344
"arch-tuned","deepAFT-Pooled-T",0,2,0.872968957976881,0.0739667789975439,0.927466509988249,0.656433989484741
"k=7 CV","deepAFT-RCT-S",1,2,1.12489035277469,-0.164339562015666,0.422148,0.104517725953599
"k=10 CV","deepAFT-RCT-S",1,2,1.1206382290636,-0.19059076006505,0.366548548548549,0.0644190917707622
"arch-tuned","deepAFT-RCT-S",1,2,1.14952342997153,-0.126638271432577,0.338653306613226,0.111153355606677
"k=7 CV","deepAFT-RCT-T",1,2,1.50276014309025,-0.24620589942661,0.986918,2.64282751883074
"k=10 CV","deepAFT-RCT-T",1,2,1.25362988294126,-0.238092180969874,0.912913827655311,1.08642602417494
"arch-tuned","deepAFT-RCT-T",1,2,1.40088904824425,-0.264049508430644,0.977336008024072,36708553.360932
"k=7 CV","deepAFT-Pooled-S",1,2,1.16639986330235,0.303643205365395,0.546184,0.238393930984423
"k=10 CV","deepAFT-Pooled-S",1,2,1.16949137949763,0.350184177458669,0.450938,0.146326427975534
"arch-tuned","deepAFT-Pooled-S",1,2,1.13661019168013,0.370141182346502,0.406714761376249,0.0684579688181124
"k=7 CV","deepAFT-Pooled-T",1,2,1.52860243600364,0.192406786603476,0.994766,5.79899511990194
"k=10 CV","deepAFT-Pooled-T",1,2,1.18661136116675,0.187485570133516,0.98832,4.06072408334439
"arch-tuned","deepAFT-Pooled-T",1,2,0.919785855123444,0.055363784086502,0.925936245572609,0.699479624113968
"k=7 CV","deepAFT-RCT-S",2,2,1.12600140702314,-0.145439901768214,0.417172,0.101324928028665
"k=10 CV","deepAFT-RCT-S",2,2,1.12159968379297,-0.191314171141823,0.36634,0.0648736544203434
"arch-tuned","deepAFT-RCT-S",2,2,1.14971459027777,-0.143119197943746,0.341177177177177,0.150663282672144
"k=7 CV","deepAFT-RCT-T",2,2,1.49799083405047,-0.256040277004996,0.986658,2.6630532530246
"k=10 CV","deepAFT-RCT-T",2,2,1.24251642427798,-0.237828283371617,0.927646,1.12362555811727
"arch-tuned","deepAFT-RCT-T",2,2,1.39276015939661,-0.242586271279161,0.976232232232232,8736949.80489045
"k=7 CV","deepAFT-Pooled-S",2,2,1.1670446486133,0.25537336234656,0.55291,0.251300206442661
"k=10 CV","deepAFT-Pooled-S",2,2,1.16682823855788,0.317789776619311,0.45363,0.144350657444605
"arch-tuned","deepAFT-Pooled-S",2,2,1.14036253211198,0.323475626763353,0.414141458106638,0.074511114705994
"k=7 CV","deepAFT-Pooled-T",2,2,1.63962335294211,0.172704684987334,0.996078,7.34286480669818
"k=10 CV","deepAFT-Pooled-T",2,2,1.25251975253406,0.213238658972073,0.99029,5.26516506183617
"arch-tuned","deepAFT-Pooled-T",2,2,1.0065821996314,0.0509738377501383,0.929359430604982,0.810607299287984
