"metric","lambda_d","lambda_u","method","mean","sd","mcse","q2.5","q97.5","n"
"rmse",0,0,"Fusion",0.678485266526543,0.0861884723199295,0.00272551880581354,0.525496874674717,0.873010612674352,1000
"rmse",0,0,"deepAFT-RCT-S",1.12982821924776,0.160677395044715,0.00508106536843953,0.967731377838385,1.30007229211793,1000
"rmse",0,0,"deepAFT-RCT-T",1.59317217265339,0.987214622407244,0.0312810923345918,1.00225410587627,3.09172336025968,996
"rmse",0,0,"deepAFT-Pooled-S",1.08617916391432,0.188397849389993,0.00595766310349743,0.916659896077349,1.28708635117042,1000
"rmse",0,0,"deepAFT-Pooled-T",1.62988565874503,1.87517542386737,0.0593874015314539,0.777059113000638,8.37376550092554,997
"rmse",0,1,"Fusion",0.677880157330851,0.0811803534003028,0.00256714818002352,0.538001588198524,0.852522476151596,1000
"rmse",0,1,"deepAFT-RCT-S",1.11535353251961,0.0863908316032496,0.00273191796822325,0.958645007851683,1.28074951514231,1000
"rmse",0,1,"deepAFT-RCT-T",1.47323644750357,0.556805125955602,0.0176253582885578,1.02264833635673,2.958319503941,998
"rmse",0,1,"deepAFT-Pooled-S",1.09922070336072,0.190470156864432,0.0060231952198116,0.927422792705393,1.29529136972834,1000
"rmse",0,1,"deepAFT-Pooled-T",1.36706158093795,1.12916993768547,0.0359418751208988,0.776001101811468,3.30950907130864,987
"rmse",0,2,"Fusion",0.683324693433615,0.083906075662531,0.0026533430862002,0.531001172696478,0.858545362570894,1000
"rmse",0,2,"deepAFT-RCT-S",1.11904656666397,0.0823958201879896,0.0026055846147173,0.965657990622066,1.27664657439862,1000
"rmse",0,2,"deepAFT-RCT-T",1.47105990575682,0.455259502992691,0.0143965695589315,1.00193279168964,2.95295403382788,1000
"rmse",0,2,"deepAFT-Pooled-S",1.16944355497713,0.230242426878513,0.00728090482940874,0.978996953269784,1.33839748419195,1000
"rmse",0,2,"deepAFT-Pooled-T",1.55002888141188,1.63270277128831,0.0516305949934004,0.788321031731301,3.42520622496969,1000
"rmse",1,0,"Fusion",0.675788256171059,0.083629292467843,0.00264459043306748,0.526934083974849,0.851923227316752,1000
"rmse",1,0,"deepAFT-RCT-S",1.12839436229548,0.132059304322759,0.00417817148704863,0.970098825835141,1.29807828940831,999
"rmse",1,0,"deepAFT-RCT-T",1.59527660171003,0.9619660964526,0.0305117118181312,1.00649559359499,3.0208447477831,994
"rmse",1,0,"deepAFT-Pooled-S",1.08594292116252,0.153947821764889,0.00487069353189415,0.914363403240282,1.31431563849221,999
"rmse",1,0,"deepAFT-Pooled-T",1.41683640209191,1.07970527491837,0.0343500007467566,0.814610378398152,3.26668161437229,988
"rmse",1,1,"Fusion",0.675856766855951,0.08646826861026,0.00273436674139664,0.520448486246104,0.864278764497577,1000
"rmse",1,1,"deepAFT-RCT-S",1.12143088327822,0.0992169584372365,0.00313751571175928,0.964210197682167,1.28816881525622,1000
"rmse",1,1,"deepAFT-RCT-T",1.51299204459144,0.648842567267841,0.0205182035543739,1.01343535974354,2.98673897140385,1000
"rmse",1,1,"deepAFT-Pooled-S",1.11243938129498,0.196791389149865,0.00622309013622121,0.933093714325655,1.30346249038,1000
"rmse",1,1,"deepAFT-Pooled-T",1.73002940927622,2.13459017392105,0.0675016682060548,0.817167942976255,8.93682476750188,1000
"rmse",1,2,"Fusion",0.689540732813348,0.0837315666432996,0.00264782462647006,0.53550335189731,0.872362958917341,1000
"rmse",1,2,"deepAFT-RCT-S",1.12489035277469,0.0782897892351417,0.00247574051517579,0.989122914812214,1.28101830585162,1000
"rmse",1,2,"deepAFT-RCT-T",1.50276014309025,0.486371860945081,0.0153804287040115,1.02938608896387,2.9033186595088,1000
"rmse",1,2,"deepAFT-Pooled-S",1.16639986330235,0.160142740590415,0.00506415811007208,0.988507868080267,1.34432271268258,1000
"rmse",1,2,"deepAFT-Pooled-T",1.52860243600364,1.34114017378954,0.0425170018106531,0.836686389970003,3.52510402895858,995
"rmse",2,0,"Fusion",0.671294975072132,0.0867173174944622,0.00274224235862466,0.514944344266047,0.851392412303764,1000
"rmse",2,0,"deepAFT-RCT-S",1.13456838139239,0.155439255153981,0.00491542084086648,0.963990392603934,1.31886553690954,1000
"rmse",2,0,"deepAFT-RCT-T",1.60676256331219,1.0895295648075,0.0345751756610659,0.990794308415486,3.07365259308341,993
"rmse",2,0,"deepAFT-Pooled-S",1.09697631312722,0.1838211627566,0.00581293556451373,0.928243204799772,1.29734572277832,1000
"rmse",2,0,"deepAFT-Pooled-T",1.57818279961551,1.48328479620031,0.0473094377040013,0.899166173709237,3.42515157000913,983
"rmse",2,1,"Fusion",0.677277334596071,0.0839536358615693,0.00265484707174951,0.533393030144944,0.841365315207099,1000
"rmse",2,1,"deepAFT-RCT-S",1.12639593180524,0.0834041473395164,0.00263747071897145,0.971455247019832,1.29438760321814,1000
"rmse",2,1,"deepAFT-RCT-T",1.53605858009986,0.577492576200149,0.0182710565396027,1.0241262483466,2.99874260901762,999
"rmse",2,1,"deepAFT-Pooled-S",1.11199386034649,0.141393442573413,0.00447349055218423,0.939525778430862,1.287608699752,999
"rmse",2,1,"deepAFT-Pooled-T",1.57866386837077,1.39929645766693,0.0446988857145415,0.89744725701086,4.16620547432687,980
"rmse",2,2,"Fusion",0.682561196919139,0.0874141564152082,0.00276427834014277,0.528158914480466,0.866305773516464,1000
"rmse",2,2,"deepAFT-RCT-S",1.12600140702314,0.0855196354684424,0.00270436832747599,0.966875904403728,1.30007132998982,1000
"rmse",2,2,"deepAFT-RCT-T",1.49799083405047,0.507901256159885,0.0160692846112298,0.985504840285093,2.98334398168853,999
"rmse",2,2,"deepAFT-Pooled-S",1.1670446486133,0.19701148952001,0.00623005032105625,0.992105484896029,1.32223437539316,1000
"rmse",2,2,"deepAFT-Pooled-T",1.63962335294211,1.48361160945638,0.0470809913440158,0.913965772016743,3.565473213341,993
"bias",0,0,"Fusion",-0.00956408965113523,0.208137765935728,0.00658189407455906,-0.420977913993368,0.380114271228044,1000
"bias",0,0,"deepAFT-RCT-S",-0.147069000481714,0.246221737039297,0.00778621498487222,-0.520915749657622,0.18106562863919,1000
"bias",0,0,"deepAFT-RCT-T",-0.171163565445576,0.936113346651786,0.0296321502161499,-0.78769456722949,0.424967423501813,998
"bias",0,0,"deepAFT-Pooled-S",-0.139503732927442,0.219758760836806,0.00694938220020518,-0.417669688800744,0.101144247213354,1000
"bias",0,0,"deepAFT-Pooled-T",0.0519032549245352,1.37733486783297,0.0437084008893784,-0.53372651307649,1.07054663362532,993
"bias",0,1,"Fusion",-0.0310738710691131,0.207944830806613,0.00657579293007247,-0.423598944606442,0.367652677258276,1000
"bias",0,1,"deepAFT-RCT-S",-0.160203356604544,0.186095205889158,0.00588484712247719,-0.545533458020287,0.159739471483932,1000
"bias",0,1,"deepAFT-RCT-T",-0.237114906790934,0.38718841968538,0.0122562352679912,-0.811956092540989,0.314908647399204,998
"bias",0,1,"deepAFT-Pooled-S",0.0840017483117107,0.218269344769265,0.00690228272863438,-0.146391673076854,0.3675025238184,1000
"bias",0,1,"deepAFT-Pooled-T",0.144532391145895,1.19340977478756,0.0378526595308687,-0.394034752376427,1.09892962321497,994
"bias",0,2,"Fusion",-0.0277408314197071,0.207840303577329,0.006572487488852,-0.432484942375864,0.37216701531339,1000
"bias",0,2,"deepAFT-RCT-S",-0.169512833087924,0.18730415124539,0.00592307733140098,-0.527798275712122,0.159328102488631,1000
"bias",0,2,"deepAFT-RCT-T",-0.264889912669124,0.30174492328869,0.00954201229985045,-0.907865864917275,0.325096877438817,1000
"bias",0,2,"deepAFT-Pooled-S",0.319166759318015,0.29604004959577,0.00936160835351843,-0.0423734326951836,0.656531640092382,1000
"bias",0,2,"deepAFT-Pooled-T",0.239841068784147,1.12266649519413,0.0355373869491527,-0.338328035525031,1.50087308880015,998
"bias",1,0,"Fusion",-0.0316067729834481,0.204097248124212,0.00645412168245038,-0.43607797560426,0.357759334765157,1000
"bias",1,0,"deepAFT-RCT-S",-0.17424434493537,0.272304901212653,0.00861103705859131,-0.586613701471387,0.183142981889518,1000
"bias",1,0,"deepAFT-RCT-T",-0.244874955402309,0.924302530932614,0.029272954861911,-0.850747300942953,0.334567975394816,997
"bias",1,0,"deepAFT-Pooled-S",-0.129304868983993,0.211196282065956,0.00667861284687793,-0.410712773583108,0.115756842509582,1000
"bias",1,0,"deepAFT-Pooled-T",0.0346522585361447,1.08989458042407,0.0345693569374988,-0.512687375323659,0.91051408006368,994
"bias",1,1,"Fusion",-0.0255251319391673,0.208257547900639,0.00658568191287637,-0.445486446572562,0.372872104026875,1000
"bias",1,1,"deepAFT-RCT-S",-0.165885656478572,0.197652205391178,0.00625031153591533,-0.555599611429788,0.147997767562838,1000
"bias",1,1,"deepAFT-RCT-T",-0.249210973471713,0.47230919585617,0.0149357281874806,-0.865940250258632,0.304362421490615,1000
"bias",1,1,"deepAFT-Pooled-S",0.0943855650275349,0.197467250331435,0.00624446274337974,-0.154622864340411,0.388877984280483,1000
"bias",1,1,"deepAFT-Pooled-T",0.156445739802319,1.53512098547971,0.0486421697993763,-0.466130995823792,1.16942992576303,996
"bias",1,2,"Fusion",-0.0240215095058648,0.209072950600771,0.00661146721030305,-0.432618992195679,0.388450142604928,1000
"bias",1,2,"deepAFT-RCT-S",-0.164339562015666,0.191325790968145,0.00605025274592609,-0.534214145341046,0.172253365212041,1000
"bias",1,2,"deepAFT-RCT-T",-0.24620589942661,0.294945391228853,0.00932699221652624,-0.821321599925414,0.319925477727557,1000
"bias",1,2,"deepAFT-Pooled-S",0.303643205365395,0.212787731968939,0.00672893891163273,-0.0619363961785625,0.630947388835802,1000
"bias",1,2,"deepAFT-Pooled-T",0.192406786603476,1.31922033994387,0.0417591901891324,-0.444970395341281,1.35253347350372,998
"bias",2,0,"Fusion",-0.0363998328267533,0.213416465001282,0.00674882119585661,-0.46168720164052,0.361989005526853,1000
"bias",2,0,"deepAFT-RCT-S",-0.176358696699145,0.226495037087093,0.00716240195919524,-0.544108211704951,0.131226158772103,1000
"bias",2,0,"deepAFT-RCT-T",-0.275770904328955,0.985467814579273,0.0312414299978925,-0.929388266774551,0.368635567404315,995
"bias",2,0,"deepAFT-Pooled-S",-0.122251573615648,0.226059166317527,0.00714861851522203,-0.438223339505311,0.16284955658483,1000
"bias",2,0,"deepAFT-Pooled-T",-0.0551196013035168,1.43637268577527,0.0456971026956699,-0.665371253871071,1.05729057727289,988
"bias",2,1,"Fusion",-0.0133372150201377,0.212944065095614,0.00673388259917301,-0.421879688918615,0.405813936860278,1000
"bias",2,1,"deepAFT-RCT-S",-0.163493646605392,0.181949627178677,0.00575375241303095,-0.528982147473049,0.154775352236639,1000
"bias",2,1,"deepAFT-RCT-T",-0.254203370250583,0.378553486253201,0.0119769022765736,-0.87343950715674,0.368662116967213,999
"bias",2,1,"deepAFT-Pooled-S",0.0804929325278413,0.211309463421485,0.0066821919555993,-0.192212730083445,0.390059335695708,1000
"bias",2,1,"deepAFT-Pooled-T",0.121414975915217,1.56888292707684,0.0498623725957964,-0.568474751784011,1.38082240124617,990
"bias",2,2,"Fusion",-0.00334597509296575,0.214929113553957,0.0067966553431147,-0.424863133602988,0.418652502597057,1000
"bias",2,2,"deepAFT-RCT-S",-0.145439901768214,0.188652717298044,0.00596572273441665,-0.504802958529281,0.191893320651386,1000
"bias",2,2,"deepAFT-RCT-T",-0.256040277004996,0.455486798858285,0.0144037572853116,-0.90963004646849,0.352890943713075,1000
"bias",2,2,"deepAFT-Pooled-S",0.25537336234656,0.222801496451404,0.00704560194880361,-0.0771276274165552,0.599753609562811,1000
"bias",2,2,"deepAFT-Pooled-T",0.172704684987334,1.43120302154735,0.0453721860307867,-0.51601213575214,1.37711378478769,995
"coverage",0,0,"Fusion",0.95807,0.0170477484063358,0.000539097139415269,0.916,0.984,1000
"coverage",0,0,"deepAFT-RCT-S",0.45675,0.0675119497819709,0.00213491530589936,0.332,0.6021,1000
"coverage",0,0,"deepAFT-RCT-T",0.988196,0.0155015444998839,0.00049020187870089,0.946,1,1000
"coverage",0,0,"deepAFT-Pooled-S",0.504492,0.0701676951412931,0.00221889734810816,0.3779,0.656,1000
"coverage",0,0,"deepAFT-Pooled-T",0.99748,0.00371690939026168,0.000117538995296946,0.988,1,1000
"coverage",0,1,"Fusion",0.959884,0.015536921829627,0.000491320608096119,0.926,0.984,1000
"coverage",0,1,"deepAFT-RCT-S",0.440672,0.0639022998014932,0.00202076815095644,0.33,0.568,1000
"coverage",0,1,"deepAFT-RCT-T",0.98751,0.0143703307688587,0.000454429759595921,0.948,1,1000
"coverage",0,1,"deepAFT-Pooled-S",0.538774,0.0647234273354405,0.00204673448352395,0.41,0.672,1000
"coverage",0,1,"deepAFT-Pooled-T",0.996242,0.00539096452395103,0.000170477266808506,0.98195,1,1000
"coverage",0,2,"Fusion",0.962076,0.0163777426544214,0.000517909697200636,0.92595,0.986,1000
"coverage",0,2,"deepAFT-RCT-S",0.43397,0.0629632231343621,0.0019910719392999,0.318,0.56,1000
"coverage",0,2,"deepAFT-RCT-T",0.987128,0.0141458021942808,0.000447329542641351,0.948,1,1000
"coverage",0,2,"deepAFT-Pooled-S",0.544708,0.0620869190854364,0.00196336077212557,0.432,0.6741,1000
"coverage",0,2,"deepAFT-Pooled-T",0.994524,0.00748046665532181,0.000236553125917586,0.974,1,1000
"coverage",1,0,"Fusion",0.961806,0.0152761161203928,0.000483073207416561,0.92595,0.984,1000
"coverage",1,0,"deepAFT-RCT-S",0.449154,0.0657611192788627,0.00207954918403216,0.33,0.5861,1000
"coverage",1,0,"deepAFT-RCT-T",0.989272,0.0142537428482902,0.00045074292582933,0.956,1,1000
"coverage",1,0,"deepAFT-Pooled-S",0.51175,0.0669028062601673,0.002115652496391,0.392,0.648,1000
"coverage",1,0,"deepAFT-Pooled-T",0.997608,0.00375612093048726,0.000118778973073707,0.988,1,1000
"coverage",1,1,"Fusion",0.963988,0.0144341331641426,0.000456447368488636,0.93195,0.986,1000
"coverage",1,1,"deepAFT-RCT-S",0.439634,0.0631879003825476,0.00199817685772675,0.324,0.57405,1000
"coverage",1,1,"deepAFT-RCT-T",0.987398,0.01474323434525,0.000466222006086112,0.95,1,1000
"coverage",1,1,"deepAFT-Pooled-S",0.543486,0.0668237474047753,0.00211315243586856,0.41995,0.678,1000
"coverage",1,1,"deepAFT-Pooled-T",0.996678,0.00518103842479085,0.000163838820671901,0.984,1,1000
"coverage",1,2,"Fusion",0.96378,0.0147957600181442,0.000467883013705899,0.93,0.988,1000
"coverage",1,2,"deepAFT-RCT-S",0.422148,0.0565800972374863,0.00178921977504258,0.324,0.536,1000
"coverage",1,2,"deepAFT-RCT-T",0.986918,0.0150969266141554,0.00047740673769145,0.94795,1,1000
"coverage",1,2,"deepAFT-Pooled-S",0.546184,0.0654329551190806,0.00206917172211869,0.426,0.67405,1000
"coverage",1,2,"deepAFT-Pooled-T",0.994766,0.00754308571753909,0.00023853331453309,0.974,1,1000
"coverage",2,0,"Fusion",0.969988,0.0135581591552718,0.000428746638097233,0.936,0.99,1000
"coverage",2,0,"deepAFT-RCT-S",0.436654,0.0661525543304599,0.00209192744722288,0.32,0.576,1000
"coverage",2,0,"deepAFT-RCT-T",0.98926,0.0141632269273989,0.000447880561084088,0.9499,1,1000
"coverage",2,0,"deepAFT-Pooled-S",0.51898,0.0672153368027082,0.00212553557991898,0.39995,0.6541,1000
"coverage",2,0,"deepAFT-Pooled-T",0.997516,0.0042369441459259,0.000133983938200427,0.986,1,1000
"coverage",2,1,"Fusion",0.969178,0.0137648024245096,0.000435281272036583,0.938,0.99,1000
"coverage",2,1,"deepAFT-RCT-S",0.420482,0.0592409416296295,0.00187336306282716,0.318,0.546,1000
"coverage",2,1,"deepAFT-RCT-T",0.987444,0.0137191500858865,0.000433837618330959,0.948,1,1000
"coverage",2,1,"deepAFT-Pooled-S",0.543102,0.0654159984166629,0.00206863550410623,0.418,0.676,1000
"coverage",2,1,"deepAFT-Pooled-T",0.996856,0.00543330330322032,0.000171816136566927,0.982,1,1000
"coverage",2,2,"Fusion",0.970608,0.0132950778521638,0.000420427276820968,0.93795,0.992,1000
"coverage",2,2,"deepAFT-RCT-S",0.417172,0.0595769740070091,0.00188398933962797,0.30995,0.54005,1000
"coverage",2,2,"deepAFT-RCT-T",0.986658,0.0147035788579254,0.000464967989469416,0.944,1,1000
"coverage",2,2,"deepAFT-Pooled-S",0.55291,0.0659812809017029,0.0020865113058475,0.4259,0.68215,1000
"coverage",2,2,"deepAFT-Pooled-T",0.996078,0.00595124636805883,0.000188194934398706,0.982,1,1000
"postvar",0,0,"Fusion",0.477673246839331,0.0380053833231636,0.00120183574648976,0.41025726863429,0.556075049584248,1000
"postvar",0,0,"deepAFT-RCT-S",0.164742448706175,0.105848179508223,0.00334721333428346,0.0587107048126797,0.445981162646915,1000
"postvar",0,0,"deepAFT-RCT-T",4.4284713969197,2.71770285714095,0.0859413103211261,1.58866855055222,11.4544689408934,1000
"postvar",0,0,"deepAFT-Pooled-S",0.194040543268904,0.120773246500447,0.00381918539354373,0.076707003572501,0.517845181714523,1000
"postvar",0,0,"deepAFT-Pooled-T",5.67819891908056,3.10521248964851,0.0981954408609132,1.6380513113379,13.55067454681,1000
"postvar",0,1,"Fusion",0.492177018232886,0.0379991882122035,0.00120163983987985,0.422546253045065,0.568987614616146,1000
"postvar",0,1,"deepAFT-RCT-S",0.125424132319298,0.0750304593829885,0.00237267145538995,0.0562931796303445,0.348410664363763,1000
"postvar",0,1,"deepAFT-RCT-T",3.13014724357095,2.0474773681535,0.0647469194101217,1.49688388189371,8.64590086284803,1000
"postvar",0,1,"deepAFT-Pooled-S",0.208345941870871,0.139443826164731,0.00440960096329132,0.075351947650081,0.595974043433066,1000
"postvar",0,1,"deepAFT-Pooled-T",5.59739566269355,3.20399235664339,0.101319134527636,1.66342535233143,13.5740249462161,1000
"postvar",0,2,"Fusion",0.523337460274609,0.0396191344435244,0.00125286703765965,0.448754564771383,0.606931484274218,1000
"postvar",0,2,"deepAFT-RCT-S",0.108284295564316,0.0593604339635448,0.00187714174220818,0.0558596191070575,0.212629110466774,1000
"postvar",0,2,"deepAFT-RCT-T",2.4858260835082,1.30906734998129,0.0413963443650165,1.48695933147392,6.35727381521979,1000
"postvar",0,2,"deepAFT-Pooled-S",0.233275845750703,0.138666841659943,0.00438503055587344,0.0992967850931979,0.605100217375703,1000
"postvar",0,2,"deepAFT-Pooled-T",5.32611523620653,3.30519188926898,0.10451934474005,1.77872858909397,13.8368851030991,1000
"postvar",1,0,"Fusion",0.503438379170506,0.0386450426214198,0.00122206354957971,0.438362589462415,0.582650737966186,1000
"postvar",1,0,"deepAFT-RCT-S",0.166906440179024,0.119474347799686,0.00377811061010133,0.0607346506918559,0.507719660942826,1000
"postvar",1,0,"deepAFT-RCT-T",4.776402006074,3.01667160469706,0.0953955322359781,1.58131147318665,12.4339387115734,1000
"postvar",1,0,"deepAFT-Pooled-S",0.197917451048888,0.125900944396855,0.00398133743860276,0.0791335092487149,0.542622845482663,1000
"postvar",1,0,"deepAFT-Pooled-T",6.06482944789215,3.43872110130121,0.108741909181944,1.7200930882208,14.0485607203411,1000
"postvar",1,1,"Fusion",0.519821153089496,0.040012802998789,0.00126531593043789,0.444269133823449,0.598983811280343,1000
"postvar",1,1,"deepAFT-RCT-S",0.128402320165557,0.0822977650751306,0.00260248383978871,0.0570630862750367,0.337680514670778,1000
"postvar",1,1,"deepAFT-RCT-T",3.3599883966148,2.22721152153049,0.0704306123900551,1.48084827601898,9.58631712342782,1000
"postvar",1,1,"deepAFT-Pooled-S",0.202579204132503,0.13409835035218,0.00424056217584131,0.0796213187865148,0.562058171978609,1000
"postvar",1,1,"deepAFT-Pooled-T",6.10201633477568,3.62427958606044,0.114667131598394,1.81651505910903,15.2069148633441,999
"postvar",1,2,"Fusion",0.54813211829888,0.0423534687214296,0.00133933427968417,0.464422330314379,0.631701829259025,1000
"postvar",1,2,"deepAFT-RCT-S",0.104517725953599,0.0490473703233041,0.0015510140346339,0.0537013814038479,0.231695758091879,1000
"postvar",1,2,"deepAFT-RCT-T",2.64282751883074,1.51306524407659,0.0478473241972061,1.46882022314583,7.17229335830857,1000
"postvar",1,2,"deepAFT-Pooled-S",0.238393930984423,0.136630056347792,0.00432062174896171,0.0982964860716431,0.615925671192519,1000
"postvar",1,2,"deepAFT-Pooled-T",5.79899511990194,3.68823301176221,0.116632168585912,1.86928729992318,15.406157807233,1000
"postvar",2,0,"Fusion",0.564356527051639,0.0437933229717739,0.00138486646898179,0.484752550235275,0.653944950003383,1000
"postvar",2,0,"deepAFT-RCT-S",0.186254028698087,0.1476378406253,0.00466871845204886,0.059885079626467,0.593360570397884,1000
"postvar",2,0,"deepAFT-RCT-T",5.28007203664616,3.46234949051212,0.109489104455418,1.5736609758078,14.1799262297963,1000
"postvar",2,0,"deepAFT-Pooled-S",0.199668038242648,0.137593530860453,0.00435108948823698,0.0806753948793088,0.59437856932956,1000
"postvar",2,0,"deepAFT-Pooled-T",6.85424465501948,3.86251676831378,0.122143504884644,1.91060990459222,15.9861093522374,1000
"postvar",2,1,"Fusion",0.577782470896717,0.0457012762917957,0.00144520125058728,0.494644936732179,0.668022961644644,1000
"postvar",2,1,"deepAFT-RCT-S",0.127042791656793,0.0958345366763272,0.00303055414404137,0.0497865247416504,0.426497523600395,1000
"postvar",2,1,"deepAFT-RCT-T",3.76064520143545,2.8525784807177,0.0902064520345065,1.52744217218664,11.3757480543372,1000
"postvar",2,1,"deepAFT-Pooled-S",0.212969564170563,0.142176628326178,0.00449601975553935,0.081372008065135,0.622583410389151,1000
"postvar",2,1,"deepAFT-Pooled-T",7.36820113990636,4.34173872405951,0.137297833733814,2.02990127896906,18.4774866318502,1000
"postvar",2,2,"Fusion",0.609835982419355,0.0457908871341382,0.00144803499423577,0.521843571790903,0.707735486681726,1000
"postvar",2,2,"deepAFT-RCT-S",0.101324928028665,0.0547808947331135,0.0017323239961856,0.050309096901115,0.226241960320422,1000
"postvar",2,2,"deepAFT-RCT-T",2.6630532530246,1.78422947182226,0.0564222899935756,1.48707583589995,8.05331604336486,1000
"postvar",2,2,"deepAFT-Pooled-S",0.251300206442661,0.154216378347541,0.00487675008080503,0.100243629725517,0.654935892284548,1000
"postvar",2,2,"deepAFT-Pooled-T",7.34286480669818,4.20191176971794,0.132876117193776,2.09243640781266,17.7416346199099,1000
