"method","population","lambda_d","lambda_u","rmse","bias","coverage","width","postvar","bias_var"
"Fusion","RCT",0,0,0.66650999248991,-0.0131719043752284,0.959066666666667,2.67759629985565,0.470215000016935,0.043453195912151
"deepAFT-RCT-S","RCT",0,0,1.10203441325083,-0.17200345562297,0.381788455121788,0.942521688650424,0.0678859757275134,0.0381878198179142
"deepAFT-RCT-T","RCT",0,0,1.20274325545816,-0.219455511236971,0.901326666666667,3.60486617649822,6.11702939614435,0.0753504297138135
"deepAFT-Pooled-S","RCT",0,0,1.08179077056539,-0.134811429057393,0.41038,0.96905388686478,0.120428679943467,0.0440516675601739
"deepAFT-Pooled-T","RCT",0,0,1.25811944376823,0.00496977374307147,0.99294,4.7164410566035,3.93402514313904,1.51994703782259
"Fusion","RCT",0,1,0.666320377318595,-0.0322415171968393,0.9608,2.71637084041462,0.483922640807522,0.0420546377889206
"deepAFT-RCT-S","RCT",0,1,1.09610591746431,-0.182096241096201,0.379973333333333,0.937631740327866,0.0661306980075267,0.0333745656874268
"deepAFT-RCT-T","RCT",0,1,1.1952852832223,-0.235157041427501,0.902391449565798,3.57210542872107,1.05396059518589,0.0684883513543945
"deepAFT-Pooled-S","RCT",0,1,1.0957617867971,0.101106782303673,0.441826666666667,0.976467037549332,0.123910655622988,0.0522574689831452
"deepAFT-Pooled-T","RCT",0,1,1.34773671175354,0.133963146539191,0.990513333333333,4.73599879668568,3.72241332800169,2.61680472179075
"Fusion","RCT",0,2,0.671519643462479,-0.0301740334335407,0.9627,2.79960477417796,0.513934014722676,0.0437741258493578
"deepAFT-RCT-S","RCT",0,2,1.10388971764723,-0.197588240468473,0.372710843373494,0.931781024925334,0.064856966699225,0.033876868460735
"deepAFT-RCT-T","RCT",0,2,1.22210332545738,-0.251618928245322,0.90702,3.60867126032254,12.9909178832202,0.080390608469657
"deepAFT-Pooled-S","RCT",0,2,1.15662758657345,0.348966296397472,0.453006666666667,1.10315960386945,0.146734829022657,0.0336610120468066
"deepAFT-Pooled-T","RCT",0,2,1.28656427298916,0.187583662401602,0.988333333333333,4.83451257246927,3.58266211088672,2.15848340593466
"Fusion","RCT",1,0,0.667286768496433,-0.0319581482523799,0.961833333333333,2.74760285824585,0.495110833681029,0.0412359562048367
"deepAFT-RCT-S","RCT",1,0,1.10279914001208,-0.194408032035148,0.376376376376376,0.932361569064281,0.068428097356418,0.0332689797339775
"deepAFT-RCT-T","RCT",1,0,1.21732189287227,-0.233203397255866,0.905772439105772,3.63130205775599,1.63693666303602,0.0838342465761735
"deepAFT-Pooled-S","RCT",1,0,1.07615917476639,-0.13260197058587,0.420153333333333,0.986270843181666,0.1208133240107,0.0353674632422982
"deepAFT-Pooled-T","RCT",1,0,1.29734451353325,0.0196446174059537,0.992906666666667,4.85449813964535,4.19393203142907,2.3296935835759
"Fusion","RCT",1,1,0.667108659567688,-0.0264245143756112,0.96426,2.79056162091998,0.510774779828324,0.0434475058365838
"deepAFT-RCT-S","RCT",1,1,1.10459677509294,-0.183945343444525,0.377230563897231,0.940853732186077,0.0666782874033381,0.0360192877095348
"deepAFT-RCT-T","RCT",1,1,1.21245660899023,-0.243800062339683,0.911102177554439,3.63268819637346,1.12405071688301,0.0802678221704726
"deepAFT-Pooled-S","RCT",1,1,1.10060672851881,0.103814156573585,0.44444,0.992768719086721,0.125826617797267,0.0410384306640138
"deepAFT-Pooled-T","RCT",1,1,1.33508103245745,0.136484026095736,0.99132,4.89861949422164,4.11112701781333,2.75093743804403
"Fusion","RCT",1,2,0.674603563386424,-0.0296323617243786,0.965346666666667,2.86356349509296,0.537806429209651,0.0432399553505805
"deepAFT-RCT-S","RCT",1,2,1.10606489696437,-0.192169811540447,0.371064397731064,0.921796406476706,0.0638469703987742,0.033593290901533
"deepAFT-RCT-T","RCT",1,2,1.2188858687412,-0.248127617485852,0.910915163660655,3.62614460328006,1.06601813106716,0.0720650872708166
"deepAFT-Pooled-S","RCT",1,2,1.15645860857729,0.340370765113436,0.45262,1.11454665329359,0.145893816545995,0.0464065274444427
"deepAFT-Pooled-T","RCT",1,2,1.27522728995709,0.187895357114288,0.988906666666667,4.9507065365484,4.04720023611505,1.0696396158534
"Fusion","RCT",2,0,0.660271195994681,-0.0377839275812881,0.970346666666667,2.90491872668502,0.553705823456311,0.0447248837162703
"deepAFT-RCT-S","RCT",2,0,1.11351133495578,-0.199084671794089,0.369033767970578,0.93415862737078,0.0723222137032128,0.0370692669355713
"deepAFT-RCT-T","RCT",2,0,1.22938793196089,-0.276639010252463,0.919005672339006,3.73420352393798,17.4963367148899,0.112298171842001
"deepAFT-Pooled-S","RCT",2,0,1.08430388660511,-0.115410804567733,0.430393333333333,1.02784865516129,0.130885132786406,0.0347358021224826
"deepAFT-Pooled-T","RCT",2,0,1.52030949533137,-0.0551754046153,0.992373333333333,5.10742626852737,4.71492418290389,3.09850112913762
"Fusion","RCT",2,1,0.663457731430551,-0.0179402789457072,0.970153333333333,2.93776995910391,0.566424566593417,0.0454098410306074
"deepAFT-RCT-S","RCT",2,1,1.11550371475575,-0.200376478399296,0.36746,0.920268777843858,0.0663645146977069,0.0364923498583214
"deepAFT-RCT-T","RCT",2,1,1.22841170178878,-0.253325666301819,0.919986653319987,3.67797963536151,10.9347931049595,0.106115560319859
"deepAFT-Pooled-S","RCT",2,1,1.10736202658729,0.087507201134207,0.449566666666667,1.03231070643067,0.130606212042367,0.0400463362325484
"deepAFT-Pooled-T","RCT",2,1,1.4777661595309,0.0429891978901374,0.991413333333333,5.19552494331896,5.19550822835548,3.10594982204593
"Fusion","RCT",2,2,0.67026656673923,-0.00629527445063231,0.97174,3.01721452984776,0.597175180020768,0.0444007289300519
"deepAFT-RCT-S","RCT",2,2,1.11163607110525,-0.192586732480228,0.36798,0.919424447766345,0.0643035749444997,0.0374835886371325
"deepAFT-RCT-T","RCT",2,2,1.20565820637005,-0.24139290302071,0.927166666666667,3.67251454597599,47.1862790426267,0.107317202120116
"deepAFT-Pooled-S","RCT",2,2,1.15965013079956,0.309939294276856,0.456286666666667,1.13439522306674,0.143947822513694,0.0458861270929238
"deepAFT-Pooled-T","RCT",2,2,1.50275073675644,0.209186603401195,0.99014,5.31733181401294,5.24744108859303,3.87540995835612
"Fusion","RWD",0,0,0.681351427062976,-0.00801788334080958,0.957642857142857,2.70909280109765,0.480869638334643,0.0445853163565553
"deepAFT-RCT-S","RWD",0,0,1.11803381469578,-0.165388990085986,0.379076219076219,0.950237949542579,0.0686560829742641,0.0417435713579347
"deepAFT-RCT-T","RWD",0,0,1.25149815965284,-0.211040118649817,0.905977142857143,3.75535462825177,6.18198384671605,0.0817535766880402
"deepAFT-Pooled-S","RWD",0,0,1.08690013877781,-0.128673738600901,0.411222857142857,0.971138644222655,0.12066736374925,0.0394410681160051
"deepAFT-Pooled-T","RWD",0,0,1.2798128455625,0.00646006578989163,0.9931,4.74291980575474,3.96705521036849,1.57125456491916
"Fusion","RWD",0,1,0.680770455501108,-0.0305734513000876,0.959491428571429,2.75071439067403,0.495714608558042,0.0449480022472201
"deepAFT-RCT-S","RWD",0,1,1.11418940328144,-0.182110636616378,0.373091428571429,0.944950874118208,0.066890570424877,0.0378385743022332
"deepAFT-RCT-T","RWD",0,1,1.24399676364807,-0.231328370106903,0.90775264815345,3.71898928707782,1.11475406039599,0.0782290814936364
"deepAFT-Pooled-S","RWD",0,1,1.10284078977664,0.106437898546908,0.440314285714286,0.978628211341181,0.123829784170812,0.0533398371119994
"deepAFT-Pooled-T","RWD",0,1,1.36542757491327,0.143992557681475,0.990754285714286,4.75935887404585,3.72520578470467,2.52288354068454
"Fusion","RWD",0,2,0.686249108894697,-0.0266980305566356,0.961808571428571,2.83724541380343,0.527367508368294,0.0441358173696857
"deepAFT-RCT-S","RWD",0,2,1.11475178924423,-0.197347106089787,0.371457257601836,0.939048349178001,0.0657596081517827,0.0366740814154969
"deepAFT-RCT-T","RWD",0,2,1.26964877452629,-0.250437244923941,0.910848571428571,3.74914867398601,13.0562179725502,0.0835516141929712
"deepAFT-Pooled-S","RWD",0,2,1.16468524091253,0.362463641861836,0.450951428571429,1.10688991190508,0.146943275538252,0.0323514145009612
"deepAFT-Pooled-T","RWD",0,2,1.32224119243686,0.203665269380903,0.987837142857143,4.84999262866101,3.60144994203918,2.30528531059087
"Fusion","RWD",1,0,0.677207163415203,-0.0314561835824774,0.961794285714286,2.78173624146374,0.507007327237424,0.0430814905400221
"deepAFT-RCT-S","RWD",1,0,1.11632535625661,-0.195890530286531,0.371806091806092,0.939803590015956,0.0692144451079745,0.0354087227160114
"deepAFT-RCT-T","RWD",1,0,1.26501112744896,-0.228315843880301,0.910679250679251,3.77347111712826,1.69853355722331,0.0950446292094853
"deepAFT-Pooled-S","RWD",1,0,1.0820585174665,-0.134412064161088,0.417674285714286,0.986516548855613,0.120913096003089,0.0334410320818702
"deepAFT-Pooled-T","RWD",1,0,1.30941303243211,0.0197293134748249,0.993508571428571,4.87588914602001,4.18340632029586,2.28842489262499
"Fusion","RWD",1,1,0.677496685392911,-0.0251396823235485,0.963871428571429,2.82706910151304,0.523698170201427,0.0445752602468981
"deepAFT-RCT-S","RWD",1,1,1.11766432958344,-0.185063495140593,0.374517374517374,0.948010131910459,0.0676001907641183,0.038246349125477
"deepAFT-RCT-T","RWD",1,1,1.26416977255599,-0.248500855235968,0.914368987796124,3.77491799163477,1.18481885085415,0.0937534963805712
"deepAFT-Pooled-S","RWD",1,1,1.10762350550622,0.105752343815168,0.44356,0.99342696028864,0.125320447302958,0.0421831659012876
"deepAFT-Pooled-T","RWD",1,1,1.35512944449343,0.137491430452206,0.991445714285714,4.92718848219807,4.13139891298285,2.85856845453448
"Fusion","RWD",1,2,0.693822297363474,-0.0216168585550731,0.963108571428571,2.90426357889606,0.552557413622835,0.0451918233412901
"deepAFT-RCT-S","RWD",1,2,1.1253749857363,-0.189914023718452,0.364613184613185,0.928698005124616,0.0646642866444714,0.0375996230725696
"deepAFT-RCT-T","RWD",1,2,1.26678973596793,-0.233791279605884,0.913770397938735,3.76231102611191,1.12145098584733,0.082605055838064
"deepAFT-Pooled-S","RWD",1,2,1.17314005148173,0.354389925606627,0.450217142857143,1.1176442539371,0.146511832873908,0.0458568076622624
"deepAFT-Pooled-T","RWD",1,2,1.30025639659922,0.207273305836719,0.988068571428571,4.9812754817241,4.06652001787125,1.06400428690782
"Fusion","RWD",2,0,0.67375412056326,-0.0358066493605241,0.969834285714286,2.9460940201123,0.56892111430678,0.0472188253098111
"deepAFT-RCT-S","RWD",2,0,1.12682815070268,-0.200751697877602,0.367439461240865,0.942068934072108,0.0730948959431974,0.0401850613886372
"deepAFT-RCT-T","RWD",2,0,1.28024603044613,-0.27480032904925,0.91981123981124,3.85974648965118,17.5533976146385,0.12186135046676
"deepAFT-Pooled-S","RWD",2,0,1.08921708509373,-0.114390220755894,0.42862,1.02695531359148,0.130567181035915,0.0333861172591582
"deepAFT-Pooled-T","RWD",2,0,1.53090877854966,-0.0519415661705337,0.992857142857143,5.1332226443432,4.72504102808703,3.0477323040787
"Fusion","RWD",2,1,0.681033466581494,-0.0113644733377507,0.96876,2.98162428725158,0.58265014416956,0.046535686684211
"deepAFT-RCT-S","RWD",2,1,1.128876150029,-0.196180580514825,0.363794285714286,0.927966195400733,0.0671757905802071,0.0389103398483709
"deepAFT-RCT-T","RWD",2,1,1.2746166774709,-0.245456347683749,0.922127842127842,3.80622261054708,10.9918779448183,0.134161702752075
"deepAFT-Pooled-S","RWD",2,1,1.11676993570167,0.09849881189174,0.445062857142857,1.03282436027442,0.12978962500379,0.0367947350160842
"deepAFT-Pooled-T","RWD",2,1,1.49452558537788,0.043269005773283,0.991888571428571,5.2256567976979,5.18045659346882,3.18589972803767
"Fusion","RWD",2,2,0.68574846850538,-0.0020819896539658,0.970122857142857,3.0644183015836,0.615262040590177,0.0483263709466657
"deepAFT-RCT-S","RWD",2,2,1.12432305774108,-0.190768787711079,0.365637142857143,0.926965046760129,0.065117974195705,0.0416848167191409
"deepAFT-RCT-T","RWD",2,2,1.2564668332766,-0.236300589236292,0.927851428571429,3.79750266085612,47.2425855494131,0.126906879606002
"deepAFT-Pooled-S","RWD",2,2,1.17296229254907,0.321154269051791,0.452491428571429,1.13666704278892,0.144523300986424,0.0456198181572663
"deepAFT-Pooled-T","RWD",2,2,1.52138896469542,0.217439970781777,0.990354285714286,5.35023737387591,5.27276105036894,3.84625474047293
"Fusion","All",0,0,0.678485266526543,-0.00956408965113524,0.95807,2.69964385072505,0.477673246839331,0.0433213296087157
"deepAFT-RCT-S","All",0,0,1.11433860004522,-0.167373329747081,0.37988988988989,0.947923071274932,0.0684250508002389,0.0382340972700806
"deepAFT-RCT-T","All",0,0,1.2381131573791,-0.213564736425963,0.904582,3.7102080927257,6.16249751154453,0.0766474115474569
"deepAFT-Pooled-S","All",0,0,1.08654819435848,-0.130515045737849,0.41097,0.970513217015292,0.120595758607515,0.0385398126152532
"deepAFT-Pooled-T","All",0,0,1.27438047589744,0.00601297817584557,0.993052,4.73497618100937,3.95714619019966,1.55164016428566
"Fusion","All",0,1,0.677880157330851,-0.0310738710691131,0.959884,2.74041132559621,0.492177018232886,0.043241052659191
"deepAFT-RCT-S","All",0,1,1.10979567833958,-0.182106317960325,0.375156,0.942755133981106,0.0666626086996719,0.0342782084254354
"deepAFT-RCT-T","All",0,1,1.2304612141667,-0.232476971503083,0.906144288577154,3.6749241295708,1.09651602083296,0.0722460863966519
"deepAFT-Pooled-S","All",0,1,1.10193050451056,0.104838563673937,0.440768,0.977979859203626,0.123854045606465,0.0506999265914278
"deepAFT-Pooled-T","All",0,1,1.36141338672524,0.14098373433879,0.990682,4.7523508508378,3.72436804769378,2.5447434279031
"Fusion","All",0,2,0.683324693433615,-0.0277408314197071,0.962076,2.82595322191579,0.523337460274609,0.0431975917911161
"deepAFT-RCT-S","All",0,2,1.11254052030597,-0.197419446403393,0.371833333333333,0.936868151902201,0.0654888157160154,0.0336334977282635
"deepAFT-RCT-T","All",0,2,1.25659368140024,-0.250791749920355,0.9097,3.70700544988697,13.0366279457512,0.0791568855198836
"deepAFT-Pooled-S","All",0,2,1.1635176635503,0.358414438222527,0.451568,1.10577081949439,0.146880741583573,0.0305022776238021
"deepAFT-Pooled-T","All",0,2,1.3127933689127,0.198840787287113,0.987986,4.84534861180349,3.59581359269344,2.25431769422732
"Fusion","All",1,0,0.675788256171059,-0.0316067729834481,0.961806,2.77149622649837,0.503438379170506,0.0416556866918762
"deepAFT-RCT-S","All",1,0,1.11336976540558,-0.195445780811116,0.373177177177177,0.937570983730454,0.0689785407825076,0.0325292039646369
"deepAFT-RCT-T","All",1,0,1.25193331517246,-0.22978210989297,0.909207207207207,3.73082039931658,1.68005448896712,0.0885755235143052
"deepAFT-Pooled-S","All",1,0,1.08152840919902,-0.133869036088523,0.418418,0.986442837153429,0.120883164405372,0.0318267986227409
"deepAFT-Pooled-T","All",1,0,1.30672292328184,0.0197039046541636,0.993328,4.86947184410761,4.18656403363582,2.29695144924942
"Fusion","All",1,1,0.675856766855951,-0.0255251319391673,0.963988,2.81611685733512,0.519821153089496,0.043371206257587
"deepAFT-RCT-S","All",1,1,1.11487169559151,-0.184728049631772,0.375331331331331,0.945863211993145,0.0673236197558843,0.0353309131551288
"deepAFT-RCT-T","All",1,1,1.24995715074563,-0.247090617367082,0.913388944723618,3.73224905305638,1.16658841066281,0.0867519310478058
"deepAFT-Pooled-S","All",1,1,1.10691055894865,0.105170887642693,0.443824,0.993229487928064,0.125472298451251,0.0395355307995197
"deepAFT-Pooled-T","All",1,1,1.35026576953407,0.137189209145265,0.991408,4.91861778580514,4.125317344432,2.82123123703901
"Fusion","All",1,2,0.689540732813348,-0.0240215095058648,0.96378,2.89205355375513,0.54813211829888,0.0437114986729124
"deepAFT-RCT-S","All",1,2,1.1206382290636,-0.19059076006505,0.366548548548549,0.926627525530243,0.0644190917707622,0.0340677702328779
"deepAFT-RCT-T","All",1,2,1.25362988294126,-0.238092180969874,0.912913827655311,3.72146109926235,1.10482112941328,0.0763078578481173
"deepAFT-Pooled-S","All",1,2,1.16949137949763,0.350184177458669,0.450938,1.11671497374404,0.146326427975534,0.0436140954547591
"deepAFT-Pooled-T","All",1,2,1.29393147530201,0.20145992121999,0.98832,4.97210479817139,4.06072408334439,1.06120537794365
"Fusion","All",2,0,0.671294975072132,-0.0363998328267533,0.969988,2.93374143208412,0.564356527051639,0.0455465875336434
"deepAFT-RCT-S","All",2,0,1.12392210676891,-0.200251590052548,0.367917753259779,0.93969584206171,0.072863091271202,0.0366985022656692
"deepAFT-RCT-T","All",2,0,1.26619354560112,-0.275351933410214,0.91956956956957,3.82208359993722,17.5362793447139,0.115755665501036
"deepAFT-Pooled-S","All",2,0,1.08894128163108,-0.114696395899446,0.429152,1.02722331606242,0.130662566561063,0.0313082637354009
"deepAFT-Pooled-T","All",2,0,1.528921937143,-0.0529117177039636,0.992712,5.12548373159845,4.72200597453209,3.05554572717847
"Fusion","All",2,1,0.677277334596071,-0.0133372150201377,0.969178,2.96846798880727,0.577782470896717,0.045345174859445
"deepAFT-RCT-S","All",2,1,1.12594288458628,-0.197439349880166,0.364894,0.92565697013367,0.0669324078154571,0.0358005932716157
"deepAFT-RCT-T","All",2,1,1.26190963475468,-0.24781714326917,0.921485485485485,3.76774971799141,10.9747524928607,0.122161674386688
"deepAFT-Pooled-S","All",2,1,1.11522822860511,0.0952013286644801,0.446414,1.03267026412129,0.130034601115363,0.0353439527727104
"deepAFT-Pooled-T","All",2,1,1.49066118477419,0.0431850634083393,0.991746,5.21661724138422,5.18497208393482,3.15505081943318
"Fusion","All",2,2,0.682561196919139,-0.00334597509296575,0.970608,3.05025717006285,0.609835982419355,0.0461945238530896
"deepAFT-RCT-S","All",2,2,1.12159968379297,-0.191314171141823,0.36634,0.924702867061994,0.0648736544203434,0.0379088829753769
"deepAFT-RCT-T","All",2,2,1.24251642427798,-0.237828283371617,0.927646,3.76000622639208,47.2256935973772,0.117656936762625
"deepAFT-Pooled-S","All",2,2,1.17032149834768,0.317789776619311,0.45363,1.13598549687227,0.144350657444605,0.0430837527949287
"deepAFT-Pooled-T","All",2,2,1.51703227321301,0.214963960567602,0.99029,5.34036570591702,5.26516506183617,3.84892903937748
